time, gpu_id, gpu_load, gpu_free_mem, gpu_used_mem
0.3735039234161377,0,0.0,20014.0,4241.0
0.4849822521209717,0,0.1,18204.0,6051.0
0.5964083671569824,0,0.1,18204.0,6051.0
0.7079803943634033,0,0.91,18204.0,6051.0
0.8190188407897949,0,0.91,18196.0,6059.0
0.929985523223877,0,1.0,18196.0,6059.0
1.0411148071289062,0,1.0,18196.0,6059.0
1.15327787399292,0,1.0,18196.0,6059.0
1.265343427658081,0,1.0,18196.0,6059.0
1.376859426498413,0,1.0,18196.0,6059.0
28.486980199813843,0,1.0,18194.0,6061.0
