{
    "transform": [
        [
            0.009328246116638184,
            -0.003773878561332822,
            0.9999493956565857,
            0.09639120101928711
        ],
        [
            -0.003773878561332822,
            0.9999856352806091,
            0.003809221088886261,
            -0.2791878283023834
        ],
        [
            -0.9999493956565857,
            -0.003809221088886261,
            0.00931394100189209,
            0.09236504882574081
        ]
    ],
    "scale": 0.19541396570933808
}