{
    "transform": [
        [
            1.0,
            0.0,
            0.0,
            8.044560432434082
        ],
        [
            0.0,
            1.0,
            0.0,
            0.019950009882450104
        ],
        [
            0.0,
            0.0,
            1.0,
            -0.7856839895248413
        ]
    ],
    "scale": 0.0859481831903768
}