{
    "transform": [
        [
            0.0030252933502197266,
            -0.007277054246515036,
            0.999968945980072,
            -0.0042745331302285194
        ],
        [
            -0.007277054246515036,
            0.9999468922615051,
            0.007298909593373537,
            -0.03963874280452728
        ],
        [
            -0.999968945980072,
            -0.007298909593373537,
            0.0029721856117248535,
            0.04087754338979721
        ]
    ],
    "scale": 0.15407501447333233
}