time, gpu_id, gpu_load, gpu_free_mem, gpu_used_mem
0.4839966297149658,0,0.01,20014.0,4241.0
0.6004016399383545,0,0.05,20014.0,4241.0
0.7122206687927246,0,0.05,20014.0,4241.0
0.8300280570983887,0,0.0,19912.0,4343.0
0.9422459602355957,0,0.0,19116.0,5139.0
1.1492385864257812,0,0.53,16522.0,7733.0
1.2606453895568848,0,0.63,16522.0,7733.0
1.3725223541259766,0,0.63,16522.0,7733.0
1.4832985401153564,0,1.0,16514.0,7741.0
1.5949139595031738,0,1.0,16514.0,7741.0
33.835341930389404,0,1.0,16512.0,7743.0
