time, gpu_id, gpu_load, gpu_free_mem, gpu_used_mem
0.3835790157318115,0,0.04,20014.0,4241.0
0.506239652633667,0,0.04,20014.0,4241.0
0.6226232051849365,0,0.01,20014.0,4241.0
1.1444213390350342,0,0.01,19928.0,4327.0
1.2568559646606445,0,0.01,19152.0,5103.0
1.557723045349121,0,0.52,16266.0,7989.0
1.6686618328094482,0,0.52,16266.0,7989.0
1.7796704769134521,0,0.93,16266.0,7989.0
1.890815019607544,0,0.93,16264.0,7991.0
2.0020248889923096,0,1.0,16258.0,7997.0
28.971726655960083,0,1.0,16256.0,7999.0
