time, gpu_id, gpu_load, gpu_free_mem, gpu_used_mem
0.40223193168640137,0,0.03,20014.0,4241.0
0.5134167671203613,0,0.03,18476.0,5779.0
0.6243889331817627,0,0.46,18468.0,5787.0
0.7368149757385254,0,1.0,18468.0,5787.0
0.8477687835693359,0,1.0,18468.0,5787.0
0.9590034484863281,0,1.0,18468.0,5787.0
1.0703153610229492,0,1.0,18468.0,5787.0
1.1831626892089844,0,1.0,18468.0,5787.0
1.294447660446167,0,1.0,18468.0,5787.0
1.4061484336853027,0,1.0,18468.0,5787.0
24.809693336486816,0,1.0,18468.0,5787.0
