time, gpu_id, gpu_load, gpu_free_mem, gpu_used_mem
0.3731238842010498,0,0.0,20014.0,4241.0
0.48614954948425293,0,0.06,19530.0,4725.0
0.5987021923065186,0,0.06,18204.0,6051.0
0.7102401256561279,0,0.87,18204.0,6051.0
0.8211414813995361,0,0.87,18196.0,6059.0
0.9320425987243652,0,1.0,18196.0,6059.0
1.0440399646759033,0,1.0,18196.0,6059.0
1.1552295684814453,0,1.0,18196.0,6059.0
1.2671470642089844,0,1.0,18196.0,6059.0
1.378605842590332,0,1.0,18196.0,6059.0
28.699971437454224,0,1.0,18194.0,6061.0
