time, gpu_id, gpu_load, gpu_free_mem, gpu_used_mem
0.3703453540802002,0,0.01,20014.0,4241.0
0.48432064056396484,0,0.03,20014.0,4241.0
0.6082170009613037,0,0.03,20014.0,4241.0
1.1301496028900146,0,0.0,19928.0,4327.0
1.2427566051483154,0,0.0,19144.0,5111.0
1.5416045188903809,0,0.69,16266.0,7989.0
1.6529037952423096,0,0.69,16266.0,7989.0
1.7640690803527832,0,0.73,16266.0,7989.0
1.8750345706939697,0,0.73,16264.0,7991.0
1.9874191284179688,0,1.0,16258.0,7997.0
28.869812965393066,0,1.0,16256.0,7999.0
