time, gpu_id, gpu_load, gpu_free_mem, gpu_used_mem
0.39226412773132324,0,0.04,20014.0,4241.0
0.503136396408081,0,0.04,18204.0,6051.0
0.6148793697357178,0,0.62,18204.0,6051.0
0.7264597415924072,0,0.62,18204.0,6051.0
0.837714433670044,0,1.0,18196.0,6059.0
0.9487297534942627,0,1.0,18196.0,6059.0
1.06044340133667,0,1.0,18196.0,6059.0
1.1722564697265625,0,1.0,18196.0,6059.0
1.2847166061401367,0,1.0,18196.0,6059.0
1.3973660469055176,0,1.0,18196.0,6059.0
28.844635486602783,0,0.99,18194.0,6061.0
