time, gpu_id, gpu_load, gpu_free_mem, gpu_used_mem
0.3755064010620117,0,0.04,20014.0,4241.0
0.48793816566467285,0,0.04,19700.0,4555.0
0.6002471446990967,0,0.21,17798.0,6457.0
0.7124693393707275,0,0.84,17780.0,6475.0
0.823936939239502,0,0.84,17774.0,6481.0
0.9355690479278564,0,1.0,17774.0,6481.0
1.04726243019104,0,1.0,17774.0,6481.0
1.159081220626831,0,1.0,17774.0,6481.0
1.2701938152313232,0,1.0,17774.0,6481.0
1.3811590671539307,0,1.0,17774.0,6481.0
22.594335079193115,0,1.0,17770.0,6485.0
