time, gpu_id, gpu_load, gpu_free_mem, gpu_used_mem
0.3874216079711914,0,0.04,20014.0,4241.0
0.4997553825378418,0,0.04,19974.0,4281.0
0.6128878593444824,0,0.32,19104.0,5151.0
0.7252488136291504,0,0.32,17798.0,6457.0
0.836277961730957,0,0.89,17774.0,6481.0
0.948148250579834,0,0.89,17774.0,6481.0
1.05902099609375,0,1.0,17774.0,6481.0
1.1715610027313232,0,1.0,17774.0,6481.0
1.282653570175171,0,1.0,17774.0,6481.0
1.3946659564971924,0,1.0,17774.0,6481.0
22.431772470474243,0,0.99,17770.0,6485.0
